alpha,CN（翼型原始）
-5,-0.57513605
-4.5,-0.506717899
-4,-0.442038016
-3.5,-0.382297799
-3,-0.327694275
-2.5,-0.288257446
-2,-0.254101949
-1.5,-0.212599433
-1,-0.142972245
-0.5,-0.058335809
0,0.01957438
0.5,0.076639494
1,0.116614953
1.5,0.149618374
2,0.201095767
2.5,0.283269873
3,0.365464908
3.5,0.44397375
4,0.520332775
4.5,0.593643656
5,0.672557363
