alpha,CN（翼型原始）
-5,-0.597743527
-4,-0.491041202
-3,-0.354852633
-2,-0.21041842
-1,-0.067886653
0,0.072222428
1,0.213154381
2,0.356316467
3,0.49865697
4,0.629366119
5,0.744795644
6,0.807291895
7,0.775090635
8,0.7284233
9,0.751565347
10,0.846633338
11,0.917642077
12,0.944586231
13,1.000011316
14,1.034214013
15,1.047617084
