alpha,CN（翼型原始）
-5,-0.552556064
-4.5,-0.558824113
-4,-0.572077167
-3.5,-0.572208234
-3,-0.544380944
-2.5,-0.478316476
-2,-0.373747293
-1.5,-0.245786348
-1,-0.117891322
-0.5,0.009165061
0,0.134835068
0.5,0.263581312
1,0.372176931
1.5,0.448458271
2,0.495135927
2.5,0.519037101
3,0.533825122
3.5,0.546364611
4,0.552261203
4.5,0.560778039
5,0.588867724
