alpha,CN（翼型原始）
-5,-0.619167658
-4,-0.556675109
-3,-0.404691893
-2,-0.240334007
-1,-0.077896505
0,0.084657246
1,0.248986905
2,0.415778285
3,0.574077823
4,0.68886503
5,0.684472306
6,0.648569087
7,0.650467817
8,0.728440522
9,0.801769948
10,0.856347903
11,0.912952184
12,0.949238683
13,0.996180523
14,1.048741031
15,1.096823603
