alpha,CN（翼型原始）
-5,-0.348971083
-4.5,-0.278562009
-4,-0.209581721
-3.5,-0.149768084
-3,-0.113883924
-2.5,-0.090765489
-2,-0.061890108
-1.5,-0.029887072
-1,0.021613827
-0.5,-0.043990436
0,-0.203095131
0.5,-0.185981771
1,-0.101901894
1.5,-0.023122454
2,0.047984681
2.5,0.122544821
3,0.19250297
3.5,0.331621704
4,0.429866186
4.5,0.475826128
5,0.542330033
