alpha,CA（翼型原始）
-5,0.090188136
-4.5,0.091532211
-4,0.092865553
-3.5,0.093621334
-3,0.093954571
-2.5,0.094286805
-2,0.094665175
-1.5,0.095124355
-1,0.096724896
-0.5,0.089529027
0,0.089825284
0.5,0.09542761
1,0.095167614
1.5,0.09432409
2,0.092860042
2.5,0.090485044
3,0.085250712
3.5,0.08158877
4,0.080812251
4.5,0.081721665
5,0.082686221
