alpha,CA（翼型原始）
-5,0.030502562
-4.5,0.026774519
-4,0.023486306
-3.5,0.021462331
-3,0.019210829
-2.5,0.01621062
-2,0.013719734
-1.5,0.011940226
-1,0.011031598
-0.5,0.010375509
0,0.011313
0.5,0.013506266
1,0.01660492
1.5,0.019904128
2,0.021911604
2.5,0.02287461
3,0.023501571
3.5,0.02437198
4,0.02533454
4.5,0.026834622
5,0.027766662
