alpha,CA（翼型原始）
-5,-0.032903543
-4,-0.024149529
-3,-0.011485624
-2,-0.0007997
-1,0.005068816
0,0.006047961
1,0.002255213
2,-0.006157387
3,-0.018854508
4,-0.033453449
5,-0.046994979
6,-0.054854463
7,-0.047126618
8,-0.0318129
9,-0.022142227
10,-0.031688195
11,-0.034360739
12,-0.035560952
13,-0.044866183
14,-0.050603851
15,-0.049359481
