alpha,CA（翼型原始）
-5,-0.008326067
-4,-0.009271251
-3,-0.00459737
-2,0.001096783
-1,0.005756131
0,0.006661478
1,0.002381376
2,-0.004541863
3,-0.010072235
4,-0.013697473
5,-0.010697744
6,-0.004064386
7,0.001921529
8,0.001814296
9,-0.003613748
10,-0.0021252
11,5.63E-05
12,-0.002570704
13,-0.00242144
14,-0.003308929
15,-0.008226269
