alpha,CA（翼型原始）
-5,0.08566085
-4.5,0.086181397
-4,0.086531467
-3.5,0.087095494
-3,0.087778119
-2.5,0.088196847
-2,0.088965213
-1.5,0.089707717
-1,0.089423271
-0.5,0.088020755
0,0.086407511
0.5,0.084606061
1,0.082456188
1.5,0.080477163
2,0.079300429
2.5,0.079082637
3,0.079205502
3.5,0.079597881
4,0.080124481
4.5,0.080771449
5,0.08229088
