alpha,CD_p
-1.0,0.007114736
0.0,0.006661478
15.0,0.275932872
-5.0,0.045669633
7.0,0.081179292
