alpha,CD（尾耙原始）
-5,0.126869744
-4.5,0.121746711
-4,0.115606992
-3.5,0.11018919
-3,0.106255405
-2.5,0.101975502
-2,0.09813861
-1.5,0.093068894
-1,0.088390665
-0.5,0.085460067
0,0.082804819
0.5,0.080342281
1,0.078612447
1.5,0.078385758
2,0.078252774
2.5,0.081781981
3,0.08757409
3.5,0.095409691
4,0.102976962
4.5,0.110364296
5,0.11151605
