alpha,CD（尾耙原始）
-5,0.060180979
-4.5,0.058320544
-4,0.057324938
-3.5,0.055585066
-3,0.054671101
-2.5,0.054567049
-2,0.054413974
-1.5,0.055342667
-1,0.05637044
-0.5,0.061120178
0,0.057966937
0.5,0.04890283
1,0.045360781
1.5,0.041893427
2,0.042103705
2.5,0.040903067
3,0.041136666
3.5,0.044281405
4,0.048740247
4.5,0.052227907
5,0.056533913
