alpha,CL_p
-5,-0.559282103615744
-4.5,-0.519219959677817
-4,-0.479939427457819
-3.5,-0.42637957748989
-3,-0.362155814448245
-2.5,-0.294931413442014
-2,-0.22769601861738
-1.5,-0.161738558284811
-1,-0.097678614756651
-0.5,-0.0343206762857516
0,0.0284172250945631
0.5,0.0946802640409156
1,0.161305108625238
1.5,0.228323399204006
2,0.29460707911401
2.5,0.360674279453409
3,0.426205113213278
3.5,0.487370160759182
4,0.536255299667395
4.5,0.577368855928515
5,0.625325748061541
