{
  "fes": 45.0,
  "case_count": 9.0,
  "mean_rmse": 0.022746104034380307,
  "mean_mae": 0.011088379906999093,
  "mean_r2": 0.9692320744688696
}