alpha,CM（翼型原始）
-5,-0.032963031
-4,-0.03897578
-3,-0.032656179
-2,-0.024482864
-1,-0.017585352
0,-0.013039525
1,-0.0083247
2,-0.000479431
3,0.005247692
4,0.006145858
5,-0.002112603
6,-0.018081355
7,-0.03278675
8,-0.039337847
9,-0.036142877
10,-0.055674602
11,-0.083678668
12,-0.083116312
13,-0.099933881
14,-0.114664366
15,-0.118213544
