alpha,CM（翼型原始）
-5,0.123558963
-4.5,0.108307306
-4,0.09300324
-3.5,0.079145049
-3,0.067421441
-2.5,0.062728656
-2,0.059646265
-1.5,0.047404902
-1,0.015198729
-0.5,-0.026373695
0,-0.062221649
0.5,-0.08270554
1,-0.088602741
1.5,-0.087067977
2,-0.092069695
2.5,-0.110780712
3,-0.123928926
3.5,-0.137872676
4,-0.152288858
4.5,-0.166705955
5,-0.181707347
