alpha,CM（翼型原始）
-5,0.007564121
-4.5,-0.017060044
-4,-0.043532069
-3.5,-0.063594879
-3,-0.068430506
-2.5,-0.063244943
-2,-0.062425442
-1.5,-0.064768822
-1,-0.081464772
-0.5,-0.023552968
0,0.09398939
0.5,0.099835525
1,0.062162109
1.5,0.027299898
2,0.000100316
2.5,-0.030147281
3,-0.051672188
3.5,-0.113781738
4,-0.145965037
4.5,-0.142316946
5,-0.153588737
