alpha,CM（翼型原始）
-5,0.025139329
-4.5,0.012452356
-4,0.010971372
-3.5,0.011940867
-3,0.006309349
-2.5,-0.002494558
-2,-0.01211887
-1.5,-0.021530709
-1,-0.024759915
-0.5,-0.022340636
0,-0.022005816
0.5,-0.027494229
1,-0.033092579
1.5,-0.037561695
2,-0.043009656
2.5,-0.043766354
3,-0.042209402
3.5,-0.040861149
4,-0.036898151
4.5,-0.036207153
5,-0.045668864
