alpha,CM（翼型原始）
-5,-0.036737426
-4,-0.027279182
-3,-0.019912914
-2,-0.016148291
-1,-0.013514415
0,-0.011208802
1,-0.009051726
2,-0.006678978
3,-0.003066791
4,0.004920019
5,0.012463771
6,0.020504872
7,0.00672797
8,-0.022924311
9,-0.046178617
10,-0.032927308
11,-0.047465446
12,-0.048948536
13,-0.051640589
14,-0.057897972
15,-0.068770655
