alpha,CN（翼型原始）
-5,-0.517466134910478
-4,-0.411223854794581
-3,-0.295115080381291
-2,-0.182052096423202
-1,-0.0737094633480511
0,0.0306044719053924
1,0.136049442907846
2,0.246529017796099
3,0.360146785889237
4,0.474932260331606
5,0.584327113237678
6,0.685359860334782
7,0.757830472943848
8,0.773521784792624
9,0.809212166641249
10,0.849488046686141
11,0.89337401073651
12,0.922595396988749
13,0.962989395471489
14,1.01157117596816
15,1.05601399866121
