alpha,CN（翼型原始）
-5,-0.474432060230414
-4,-0.374325579837877
-3,-0.269880842421031
-2,-0.165541054417419
-1,-0.065457817459028
0,0.0311644728975347
1,0.128588442953024
2,0.229678735383998
3,0.333199214789447
4,0.435795106381439
5,0.538058702852207
6,0.633091562618161
7,0.722471797420124
8,0.800109695322454
9,0.851176432647368
10,0.882879697303449
11,0.930727491865338
12,0.945605489534377
13,0.996575314724871
14,1.02541231123509
15,1.03578341958072
