alpha,CN（翼型原始）
-5,-0.464243033924421
-4.5,-0.428987281134896
-4,-0.392918148192444
-3.5,-0.350180526510234
-3,-0.297969318289215
-2.5,-0.250582313080528
-2,-0.209289032401894
-1.5,-0.168197173842174
-1,-0.107661114362352
-0.5,-0.0387006897493481
0,0.0252557820667276
0.5,0.0783195354420298
1,0.124239866883443
1.5,0.171996686560751
2,0.228209549373834
2.5,0.2809808020827
3,0.327682716724533
3.5,0.369886310226791
4,0.410203283685913
4.5,0.452116040991708
5,0.504353967423483
